,time,close,volume,rsi_rsi,willr_willr,gain10,trend10
632,2017-01-02,110.47,7527400,76.68831683295949,-28.804347826086964,,0
633,2017-01-03,110.86,4904100,81.36916265496636,-19.459459459459488,,0
634,2017-01-04,112.58,9606800,91.998195405386,-10.084033613445381,,0
635,2017-01-05,111.75,7686100,65.11051199506511,-51.0729613733905,,0
636,2017-01-08,112.67,5674600,76.52012390030804,-25.17006802721097,,0
637,2017-01-09,113.15,6093400,81.30478699278167,-15.957446808510404,,0
638,2017-01-10,113.5,9918700,84.71216050095809,-34.15841584158411,,0
639,2017-01-11,113.91,8457300,88.42054343775385,-36.956521739130736,,0
640,2017-01-12,114.21,7261500,90.85521603105133,-26.086956521739555,,0
641,2017-01-16,115.85,9142400,96.64302578273252,-3.971119133573992,,0
642,2017-01-17,114.87,6498100,61.662033413815664,-39.350180505414826,0.03982981805014951,1
643,2017-01-18,114.77,6437000,58.42515304257168,-58.910891089108915,0.03526970954356834,1
644,2017-01-19,115.05,12261500,65.93550163264538,-43.93939393939408,0.021939953810623525,1
645,2017-01-22,115.79,6373100,80.15044546657352,-17.040358744394386,0.03615212527964218,1
646,2017-01-23,115.27,5798800,55.6657738401636,-48.64864864864873,0.023076240347918553,1
647,2017-01-24,114.32,6697500,30.300178776988123,-74.29718875502057,0.01034025629695079,1
648,2017-01-25,113.26,5390500,17.190041341929007,-86.52037617554836,-0.0021145374449338394,0
649,2017-01-26,113.49,6706600,27.412123661086063,-58.282208588957396,-0.003687121411640737,0
650,2017-01-29,113.97,7687800,47.643723255535434,-22.14765100671137,-0.002101392172314087,0
651,2017-01-30,115.55,10421900,77.9661403692661,-8.970099667773981,-0.00258955545964612,0
652,2017-01-31,115.2,6932900,65.38365403622832,-27.192982456140083,0.0028728127448420793,1
653,2017-02-01,115.84,7189500,76.00508170647132,-30.041152263374155,0.009322993813714486,1
654,2017-02-02,116.13,9455500,80.14570267902646,-18.106995884773625,0.009387222946545037,1
655,2017-02-05,117.7,8547800,91.73194350323146,-1.8957345971560216,0.016495379566456414,1
656,2017-02-06,117.46,8621000,80.90587133466636,-13.79310344827591,0.018998872213064955,1
657,2017-02-07,118.19,9633400,87.58880149129152,-21.621621621621827,0.033852344296711134,1
658,2017-02-08,117.29,8177200,53.172458224249176,-93.52517985611486,0.035581847077520656,1
659,2017-02-09,117.6,9072100,61.07482462520569,-51.56250000000043,0.036214644462067236,1
660,2017-02-12,116.8,7354900,36.94241672010508,-73.25102880658463,0.02483109590243049,1
661,2017-02-13,116.93,6927800,42.48211325413496,-54.385964912280464,0.011942881869320798,1
662,2017-02-14,117.45,7088400,62.33542536037457,-7.80141843971629,0.01953125,1
663,2017-02-15,118.08,6378700,76.85421531539814,-12.857142857142703,0.01933701657458564,1
664,2017-02-16,117.68,7338100,56.216143991366486,-33.488372093023116,0.013347110996297262,1
665,2017-02-20,117.75,6166900,59.09925858628415,-39.87730061349705,0.00042480883602369346,1
666,2017-02-21,117.91,6057200,66.63254080194896,-30.061349693251916,0.0038310914353822945,1
667,2017-02-22,118.94,7523300,87.99097315646043,-9.205020920502042,0.0063457145274556925,1
668,2017-02-23,119.7,9809000,92.97083705223437,-6.818181818181537,0.02054736124136758,1
669,2017-02-26,119.12,9263500,63.04408133418525,-74.41860465116291,0.012925170068027292,1
670,2017-02-27,119.23,8727800,66.14435440499884,-74.05063291139192,0.020804794520548064,1
671,2017-02-28,119.06,8679600,55.375259275958264,-54.693877551020485,0.01821602668263056,1
672,2017-03-01,117.58,10986300,17.713659144583026,-86.59003831417645,0.0011068539804170996,1
673,2017-03-02,117.51,10665800,16.89829167421776,-60.07462686567147,-0.004827235772357663,0
674,2017-03-05,116.72,4883500,9.497533228086432,-85.26315789473682,-0.008157715839565038,0
675,2017-03-06,115.78,6846300,5.330680763513781,-92.41706161137456,-0.016730360934182564,0
676,2017-03-07,115.06,7620900,3.5441642238964857,-95.41666666666667,-0.024170977864472865,0
677,2017-03-08,114.47,6410900,2.5101360000498625,-96.7391304347825,-0.03758197410459052,0
678,2017-03-09,114.72,7929500,17.760442631526217,-52.03252032520313,-0.04160401002506264,0
679,2017-03-12,114.74,5807400,19.275762470218393,-32.22222222222271,-0.03676964405641381,0
680,2017-03-13,114.12,5301800,10.381205888257695,-90.81632653061193,-0.042858341021554947,0
681,2017-03-14,116.25,13524100,73.46900801696913,0.0,-0.023601545439274285,0
682,2017-03-15,116.73,9322000,78.56873570809701,-17.125382262996958,-0.0072291205987412566,0
683,2017-03-16,116.99,4683000,81.46368101131584,-9.174311926605823,-0.004425155305931461,0
684,2017-03-19,117.51,4000200,86.8091569430715,-9.890109890108741,0.0067683344756683805,1
685,2017-03-20,118.54,9567900,92.89599149135394,-13.75661375661327,0.023838314043876263,1
686,2017-03-21,118.83,7287400,94.0546342527988,-16.49484536082502,0.032765513645054645,1
687,2017-03-22,118.67,6201100,82.8692086116056,-38.926174496644315,0.036690836026906704,1
688,2017-03-23,118.86,6879600,85.86375620518179,-41.935483870967495,0.03608786610878667,1
689,2017-03-26,119.53,8519600,92.65507095668964,-31.24999999999975,0.04174655743419908,1
690,2017-03-27,119.04,7112800,60.67679713425013,-61.53846153846115,0.04311251314405884,1
691,2017-03-28,119.33,4911000,69.89941049352687,-57.69230769230782,0.02649462365591404,1
692,2017-03-29,118.47,6894600,34.20957647609938,-90.06622516556257,0.01490619378051905,1
693,2017-03-30,118.72,8520800,46.1898793456498,-64.60176991150422,0.014787588682793507,1
694,2017-04-02,119.35,6105700,68.12820379018616,-1.9047619047628586,0.015658241851757237,1
695,2017-04-03,119.62,4687300,74.74685427631134,-11.450381679388641,0.009110848658680615,1
696,2017-04-04,119.62,8106000,74.74685427631135,-10.948905109488505,0.006648152823361064,1
697,2017-04-05,119.18,4633500,42.435140937685055,-43.06569343065645,0.0042976320889862585,1
698,2017-04-06,119.46,12351100,59.24994689975398,-53.30396475770969,0.005047955577990759,1
699,2017-04-09,119.46,4623700,59.24994689975399,-66.48351648351665,-0.0005856270392370355,0
700,2017-04-10,121.19,12455300,91.94780474882182,-8.235294117647335,0.0180611559139785,1
701,2017-04-11,122.02,9502500,94.89543544802768,-5.934718100890285,0.022542529120925137,1
702,2017-04-12,122.6,9892600,96.3109503230614,-2.118644067797092,0.03486114628175896,1
703,2017-04-16,122.24,8469600,76.54787077953051,-43.00518134715034,0.029649595687331498,1
704,2017-04-17,122.82,10903700,84.32241414182418,-18.656716417910598,0.029074151654796765,1
705,2017-04-18,121.73,8472700,43.588589430160226,-74.86033519553045,0.017639190770774027,1
706,2017-04-19,121.96,11787300,51.06994743914206,-61.14285714285756,0.019561946162848898,1
707,2017-04-20,122.31,15608000,62.44016192083267,-22.556390977443424,0.026262795771102576,1
708,2017-04-23,121.48,11053600,34.1838578403038,-57.948717948717636,0.016909425749204843,1
709,2017-04-24,120.25,10344800,17.041364708449645,-92.1874999999999,0.006613092248451524,1
710,2017-04-25,120.84,9758800,39.03777750662067,-40.853658536585456,-0.0028880270649392914,0
711,2017-04-26,120.39,8267000,29.95190765616519,-52.29357798165127,-0.013358465825274557,0
712,2017-04-27,120.77,9134200,45.900915869606976,-17.431192660550423,-0.014926590538336004,0
713,2017-04-30,119.67,9331800,23.081573382618185,-77.46478873239387,-0.021024214659685847,0
714,2017-05-01,119.65,4900800,22.772809174033114,-73.20261437908428,-0.025810128643543262,0
715,2017-05-02,117.98,10811100,8.51167201105666,-97.87985865724374,-0.03080588186971167,0
716,2017-05-03,116.79,12406900,5.098765754646286,-94.70198675496655,-0.04239094785175457,0
717,2017-05-04,117.01,7127200,14.59516403531822,-85.97785977859748,-0.043332515738696675,0
718,2017-05-07,116.75,5438400,12.396202432677187,-81.538461538461,-0.038936450444517656,0
719,2017-05-08,116.05,6801300,7.706926197762288,-68.98734177215218,-0.03492723492723493,0
720,2017-05-09,116.04,4290500,7.644955648371028,-69.62025316455667,-0.03972194637537241,0
721,2017-05-10,116.5,6274400,40.60086782651662,-27.131782945736163,-0.0323116537918432,0
722,2017-05-11,116.83,5434500,57.08124640964235,-25.38461538461531,-0.03262399602550303,0
723,2017-05-14,117.14,5019600,69.14438473419037,-29.629629629629864,-0.02114147238238495,0
724,2017-05-15,117.65,4942800,81.78111546549914,-22.03389830508411,-0.01671541997492687,0
725,2017-05-16,119.79,13936900,94.9076798798817,-7.5907590759072505,0.015341583319206764,1
726,2017-05-17,118.81,10341100,63.48689936016606,-46.18320610687016,0.01729600136998033,1
727,2017-05-18,119.4,6787300,71.89080571869586,-42.46575342465705,0.02042560464917531,1
728,2017-05-21,119.9,5132500,78.25338727885475,-15.189873417721211,0.026980728051391845,1
729,2017-05-22,119.14,8305400,51.615492954337604,-80.15267175572484,0.026626454114605735,1
730,2017-05-23,119.61,7025000,63.227258933738064,-45.66929133858269,0.03076525336090996,1
731,2017-05-24,119.48,4105100,57.50180188130658,-55.90551181102331,0.025579399141630876,1
732,2017-05-25,120.54,6791600,79.83516803594219,-13.368983957219218,0.031755542240862855,1
733,2017-05-29,120.14,4507500,61.53187594703079,-43.33333333333371,0.025610380740993755,1
734,2017-05-30,120.62,10360700,72.76929098283259,-47.656249999999915,0.025244368890777746,1
735,2017-05-31,120.72,8702500,75.04719205431596,-39.84375000000036,0.007763586275982837,1
736,2017-06-01,121.61,7268100,88.211753327084,-6.060606060605748,0.023567039811463575,1
737,2017-06-04,121.73,3979200,89.34830263893049,-11.17021276595714,0.019514237855946304,1
738,2017-06-05,123.1,10798500,95.98213785962014,-9.905660377358846,0.026688907422852237,1
739,2017-06-06,122.45,9039200,66.50505197125527,-49.71098265895939,0.027782440825919075,1
740,2017-06-07,121.65,8169800,42.441747203920016,-70.33898305084732,0.017055430147981054,1
741,2017-06-08,120.54,7054700,24.21020631884724,-94.92753623188402,0.008871777703381323,1
742,2017-06-11,120.36,4927400,21.919824061055643,-95.02762430939208,-0.0014932802389249211,0
743,2017-06-12,120.48,3786600,28.668106241227758,-43.434343434342914,0.0028300316297653616,1
744,2017-06-13,119.82,21124800,16.735343100996335,-89.17748917748919,-0.006632399270436129,0
745,2017-06-14,119.32,6796700,11.361415715577607,-93.09090909090918,-0.01159708416169658,0
746,2017-06-15,119.34,6435700,13.036911649613684,-92.36363636363608,-0.01866622810624119,0
747,2017-06-18,118.43,6787000,5.692727053050068,-91.45299145299073,-0.02710917604534624,0
748,2017-06-19,118.18,4617400,4.620177435930061,-92.3076923076914,-0.039967506092607574,0
749,2017-06-20,118.52,4723700,31.101380800491135,-41.55844155844196,-0.0320947325438955,0
750,2017-06-21,118.92,5811900,53.75782646332963,-24.778761061946792,-0.02244143033292234,0
751,2017-06-22,119.43,9258600,71.61143844429044,-15.231788079469613,-0.009208561473369792,0
752,2017-06-25,118.36,6593400,32.3295493876321,-87.24832214765112,-0.016616816218012587,0
753,2017-06-26,118.81,5759300,49.72637957532029,-57.04697986577163,-0.013861221779548516,0
754,2017-06-27,118.9,4220100,53.32608176050765,-17.977528089887247,-0.007678183942580463,0
755,2017-06-28,118.32,7705200,31.513716048256025,-64.347826086957,-0.008380824673147824,0
756,2017-06-29,118.02,7272600,23.921931705103265,-90.43478260869574,-0.011060834590246427,0
757,2017-07-02,116.09,12145000,7.195161332728752,-94.44444444444424,-0.01975850713501648,0
758,2017-07-04,116.52,7223300,24.77387019294728,-74.4094488188979,-0.014046369944153092,0
759,2017-07-05,116.47,4443400,23.981575278475166,-38.77551020408158,-0.017296658791765118,0
760,2017-07-06,115.28,11153600,11.197321616850244,-74.33155080213888,-0.030608812647157757,0
761,2017-07-09,115.47,4970900,21.25132086951609,-62.983425414364596,-0.03315749811605129,0
762,2017-07-10,115.62,6637900,30.56119745612877,-17.171717171717187,-0.023149712740790807,0
763,2017-07-11,116.03,4654400,53.23081891461277,-19.99999999999981,-0.023398703812810395,0
764,2017-07-12,115.82,4148900,42.556608639153374,-35.17241379310373,-0.025904121110176703,0
765,2017-07-13,116.77,5788200,75.66698443456215,-30.37974683544332,-0.01310006761325222,0
766,2017-07-16,117.29,5170800,83.48349828918403,-12.903225806451342,-0.006185392306388704,0
767,2017-07-17,118.11,7158600,90.61474081471061,-13.01775147928989,0.017400292876216694,1
768,2017-07-18,118.08,3205100,88.51737432753684,-22.727272727272844,0.013388259526261548,1
769,2017-07-19,118.24,5571600,90.31139244141558,-39.58333333333402,0.015197046449729523,1
770,2017-07-20,119.26,10135900,96.11526819039626,-7.5144508670517425,0.03452463566967379,1
771,2017-07-23,119.31,3654300,96.27916057031426,-14.062499999999782,0.03325539101065211,1
772,2017-07-24,118.92,6203000,64.46072770642155,-79.51807228915638,0.028541774779449858,1
773,2017-07-25,119.88,8527900,83.993031410465,-16.87500000000055,0.03318107386020852,1
774,2017-07-26,119.79,6385200,77.96716865143719,-22.499999999999847,0.034277326886548165,1
775,2017-07-27,120.69,7393600,89.38757901249127,-7.359307359307426,0.03357026633553151,1
776,2017-07-30,120.75,3944600,89.91055148280267,-6.962025316455668,0.02949953107681802,1
777,2017-07-31,120.65,7365100,80.04869611499002,-48.99999999999949,0.021505376344086002,1
778,2017-08-01,120.4,5945300,56.719048772372375,-92.49999999999967,0.019647696476964738,1
779,2017-08-02,120.59,4275600,67.51277464349907,-66.26506024096365,0.01987483085250341,1
780,2017-08-03,119.65,8644800,23.682731791782857,-76.1111111111107,0.00327016602381347,1
781,2017-08-06,119.51,3010100,20.682948813136885,-81.98757763975117,0.0016763054228481344,1
782,2017-08-07,119.86,7227200,46.225556471508895,-22.608695652174244,0.007904473595694572,1
783,2017-08-08,121.31,9186200,82.08233591804284,-9.302325581395158,0.011928595261928576,1
784,2017-08-09,122.21,9817900,88.94526447755294,-6.628242074928071,0.02020202020202011,1
785,2017-08-10,122.79,8019500,91.93237119725684,-1.932367149758076,0.01739995028585639,1
786,2017-08-13,121.92,6035300,57.17280239454093,-79.13043478260899,0.009689440993788878,1
787,2017-08-14,120.98,6731300,35.44980875617513,-82.22222222222197,0.0027351844177372353,1
788,2017-08-15,121.87,8267300,58.07379609496897,-22.289156626505488,0.012209302325581373,1
789,2017-08-16,122.49,8183800,69.31268633918837,-5.911330049261304,0.01575586698731235,1
790,2017-08-17,122.3,13654200,61.708760360171325,-43.05555555555573,0.02214793146677807,1
791,2017-08-20,122.76,5549700,72.61784414638831,-43.82022471910116,0.027194377039578166,1
792,2017-08-21,122.21,6493900,48.06080477420361,-78.69822485207119,0.01960620724178197,1
793,2017-08-22,122.67,5038400,63.5321784880222,-27.433628318584038,0.011210947160168239,1
794,2017-08-23,122.29,4193400,46.40414625809793,-47.61904761904641,0.0006546109156371216,1
795,2017-08-24,122.74,12398200,63.75935438718364,-16.184971098266058,-0.0004071992833293292,0
796,2017-08-27,124.69,11578300,88.3275636748196,-1.162790697674601,0.02271981627296582,1
797,2017-08-28,124.42,9861500,77.42608765209442,-31.659388646288285,0.02843445197553307,1
798,2017-08-29,124.36,6328400,74.36662016939394,-59.44881889763785,0.02043160745056194,1
799,2017-08-30,125.82,11775500,89.50434973070446,-2.747252747253361,0.027185892725936744,1
800,2017-08-31,126.06,11567400,90.8384097756725,-5.472636815920356,0.030744071954210916,1
801,2017-09-04,127.46,11813100,95.6624902466933,-9.907120743034273,0.03828608667318334,1
802,2017-09-05,126.81,10059300,69.99483251646676,-36.46616541353384,0.03764012764912872,1
803,2017-09-06,128.13,10219700,83.48940474473234,-10.734463276836054,0.044509660063585255,1
804,2017-09-07,127.97,9020000,77.17843168046203,-19.774011299434754,0.04644697031646072,1
805,2017-09-10,126.19,9126600,34.128457269475255,-93.8325991189427,0.028108196187062173,1
806,2017-09-11,126.56,8349000,43.88754456469398,-73.72881355932199,0.014997193038736034,1
807,2017-09-12,125.61,8491000,27.94334080604932,-92.36111111111114,0.009564378717247912,1
808,2017-09-13,126.16,5330700,45.22466259132585,-39.44954128440417,0.01447410743004185,1
809,2017-09-14,125.53,8375100,32.027189553815724,-88.4615384615381,-0.002304879987283348,0
810,2017-09-17,124.36,8859800,17.666003083333166,-84.21052631578944,-0.01348564175789313,0
811,2017-09-18,124.62,5826500,28.37212754725071,-67.82178217821748,-0.022281500078455863,0
812,2017-09-19,123.62,11415400,16.21088860167771,-75.39267015706808,-0.025155744815077652,0
813,2017-09-20,122.68,7757900,10.10418956967751,-92.60700389105014,-0.042534925466323203,0
814,2017-09-21,123.24,6011900,32.744365670315226,-70.81712062256818,-0.03696178791904359,0
815,2017-09-24,124.53,10257200,64.03881389112489,-5.990783410138034,-0.01315476662176085,0
816,2017-09-25,123.14,8673600,36.55049294339015,-77.94871794871763,-0.02702275600505688,0
817,2017-09-26,121.98,6903900,23.775339816188932,-96.40287769784142,-0.028898973011702855,0
818,2017-09-27,122.21,5968200,30.952938651855717,-80.80808080808107,-0.031309448319594146,0
819,2017-09-28,121.58,10208000,22.318234049734034,-96.87499999999991,-0.031466581693619045,0
820,2017-10-01,120.77,11755400,14.511216590969287,-98.27586206896545,-0.028867803152138993,0
821,2017-10-02,120.83,3728700,17.709610370179227,-91.87500000000024,-0.03041245385973368,0
822,2017-10-03,121.17,6475200,37.56470249936002,-26.562500000000245,-0.019818799546998944,0
823,2017-10-04,120.52,6205400,22.202565234188533,-86.2068965517251,-0.017606781871535748,0
824,2017-10-05,121.09,10013300,49.41413624441082,-12.080536912751224,-0.017445634534242083,0
825,2017-10-08,122.08,5264100,73.5326457883103,-1.2875536480687193,-0.01967397414277683,0
826,2017-10-09,122.4,9315500,78.50223647591076,-17.86833855799353,-0.006009420172161772,0
827,2017-10-10,122.79,5649400,83.99576042668889,-12.676056338027633,0.006640432857845546,1
828,2017-10-11,122.89,3037600,85.42796362631545,-14.851485148515339,0.005564192782914645,1
829,2017-10-12,123.82,6820300,93.51884812881865,-2.18579234972712,0.018424082908373052,1
830,2017-10-15,122.97,8202000,53.09928239628795,-68.02721088435379,0.018216444481245375,1
831,2017-10-16,122.13,7041300,32.36410616929186,-82.14285714285748,0.010758917487379005,1
832,2017-10-17,121.67,3666400,24.50403487315015,-95.04132231404941,0.004126433935792706,1
833,2017-10-18,122.39,5567300,51.91958639193036,-15.999999999999659,0.01551609691337541,1
834,2017-10-19,121.61,8481100,32.65174655192942,-81.03448275862073,0.004294326533982984,1
835,2017-10-22,121.8,5069700,40.69355872834956,-47.16981132075461,-0.002293577981651418,0
836,2017-10-23,121.33,5114100,28.199480682368232,-63.72549019607835,-0.008741830065359557,0
837,2017-10-24,121.35,4282400,29.57954948677246,-51.88679245283115,-0.011727339359882794,0
838,2017-10-25,120.33,6438800,11.97360192103057,-92.61744966442954,-0.02083163805028887,0
839,2017-10-26,120.9,6664200,41.27358104665629,-49.99999999999948,-0.023582619932159488,0
840,2017-10-29,121.13,5119200,51.120971992566055,-26.984126984127148,-0.01496299910547294,0
841,2017-10-30,120.67,3910500,34.01154994795298,-63.49206349206301,-0.011954474740031085,0
842,2017-10-31,121.11,4647800,55.41924000503556,-37.60683760683735,-0.004602613627023966,0
843,2017-11-01,121.19,5369500,59.0429935771,-48.73417721518967,-0.009804722608056204,0
844,2017-11-02,120.62,6330600,31.595166645928835,-75.28089887640445,-0.00814077789655454,0
845,2017-11-05,121.65,6953800,69.73325590139399,-17.41573033707811,-0.0012315270935959743,0
846,2017-11-06,121.21,4165900,51.37813691467847,-38.3233532934135,-0.0009890381603890885,0
847,2017-11-07,121.63,5565200,64.6869730922248,-39.49044585987307,0.002307375360527386,1
848,2017-11-08,122.13,6072400,76.28068669428909,-17.177914110429565,0.014958863126402377,1
849,2017-11-09,121.13,7116200,38.429758560956714,-87.07482993197293,0.001902398676592032,1
850,2017-11-12,121.31,6249300,45.704086082919126,-74.82993197278878,0.0014860067695865453,1
851,2017-11-13,121.56,6189000,56.42869223456917,-41.04477611940267,0.0073754868650037775,1
852,2017-11-14,121.41,4984800,47.9114994606885,-59.74842767295602,0.002477086945751772,1
853,2017-11-15,121.4,2796500,47.19908929075319,-60.377358490565506,0.001732816238963597,1
854,2017-11-16,122.86,10614000,87.5948651123584,-16.14583333333344,0.018570717957220984,1
855,2017-11-19,121.31,8356700,39.48686534090473,-87.323943661972,-0.002794903411426297,0
856,2017-11-20,121.51,4956500,45.301272395251225,-77.93427230046949,0.0024750433132580962,1
857,2017-11-21,122.63,5211800,69.73145188630093,-16.7539267015711,0.008221655841486486,1
858,2017-11-23,122.32,1779700,58.82366924754716,-43.44827586206954,0.0015557193154833726,1
859,2017-11-26,122.83,4961200,70.29163256845149,-43.10344827586219,0.014034508379427102,1
860,2017-11-27,122.81,5603100,69.15861660844448,-46.84684684684652,0.012365015250185518,1
861,2017-11-28,122.04,6138900,35.81751928402173,-81.13207547169743,0.003948667324777944,1
862,2017-11-29,121.1,7936300,19.023546118393654,-81.81818181818208,-0.002553331686022564,0
863,2017-11-30,121.59,13080100,40.7469599015089,-46.927374301676004,0.0015650741350905495,1
864,2017-12-03,121.18,6943700,30.48315708067818,-69.83240223463663,-0.013674100602311556,0
865,2017-12-04,120.32,10041200,17.005604821309905,-77.85977859778626,-0.00816091006512254,0
866,2017-12-05,120.07,6643000,14.25700136577143,-76.3513513513518,-0.011850876471072413,0
867,2017-12-06,118.49,12900200,5.630181433340293,-83.81742738589217,-0.033760091331648034,0
868,2017-12-07,118.48,5231300,5.598023256995229,-83.76068376068336,-0.03139306736429026,0
869,2017-12-10,118.01,4522200,3.990953292845688,-85.41666666666609,-0.03924122771309935,0
870,2017-12-11,118.15,8020100,14.905885574580493,-50.657894736841975,-0.03794479276931839,0
871,2017-12-12,119.17,10086700,62.05273920884876,-9.230769230768907,-0.023516879711570016,0
872,2017-12-13,118.93,6993600,51.90313490668916,-21.538461538461025,-0.017919075144508523,0
873,2017-12-14,119.18,7532000,61.69317260905136,-21.47651006711371,-0.01982070893987986,0
874,2017-12-17,119.73,5452200,77.0852376806413,-20.31249999999927,-0.011965670902789216,0
875,2017-12-18,119.82,4018900,79.14234635877206,-16.6666666666669,-0.004155585106383031,0
876,2017-12-19,120.14,5734600,85.89541243019639,-26.50602409638546,0.0005829932539351823,1
877,2017-12-20,120.31,4823700,88.7881181913758,-15.21739130434786,0.015359945987003076,1
878,2017-12-21,120.94,5791300,94.76094366316624,-15.037593984962639,0.020762997974341557,1
879,2017-12-25,121.77,8224400,97.44780112787346,-5.347593582888143,0.03186170663503085,1
880,2017-12-26,122.23,6232700,98.21067382621898,-6.214689265536656,0.0345323741007193,1
881,2017-12-27,122.85,5732700,98.88467834830504,-4.964539007092735,0.03088025509775938,1
882,2017-12-28,123.65,7852100,99.3549546542702,-19.909502262443265,0.03968721096443284,1
883,2018-01-01,125.15,11762500,99.70490533919372,-1.1450381679389727,0.05009229736532972,1
884,2018-01-02,124.82,7904300,84.5650580944951,-20.93023255814017,0.04251231938528344,1
885,2018-01-03,125.46,7329700,89.29419275624844,-22.285714285714317,0.04707060590886325,1
886,2018-01-04,125.33,5739900,81.66999989132518,-29.714285714285484,0.04319960046612281,1
887,2018-01-07,125.31,3566700,80.09189049498862,-48.64864864864796,0.04155930512841821,1
888,2018-01-08,124.73,9153600,43.51518242123493,-60.0,0.0313378534810651,1
889,2018-01-09,125.03,14809300,58.29298096120581,-26.605504587155497,0.026771782869343896,1
890,2018-01-10,125.44,5994700,72.85282045751231,-15.384615384615385,0.026261965147672317,1
891,2018-01-11,126.96,9258600,90.7704275759448,-7.053941908713774,0.03345543345543356,1
892,2018-01-15,127.17,8083900,91.88095032325751,-0.51813471502617,0.028467448443186383,1
893,2018-01-16,126.14,10130500,48.73731873585748,-76.59574468085113,0.007910507391130528,1
894,2018-01-17,125.86,6289300,40.905161499484656,-95.7746478873238,0.008331998077231173,1
895,2018-01-18,126.42,8773800,60.12774683563682,-56.33802816901382,0.007651841224294742,1
896,2018-01-21,126.65,4893500,66.78413809680703,-10.526315789473053,0.010532195005186429,1
897,2018-01-22,127.28,6190400,80.29805304964083,-6.5420560747657595,0.01572101189051156,1
898,2018-01-23,128.83,11827600,92.12386767530349,-14.429530201341608,0.032871001362944074,1
899,2018-01-24,127.97,15219700,61.434296354399585,-48.58044164037849,0.023514356554426907,1
900,2018-01-25,128.07,7828700,63.55209210265459,-66.97674418604667,0.020966198979591733,1
901,2018-01-28,127.35,6956400,39.89282252119634,-83.39768339768361,0.003071833648393252,1
902,2018-01-29,126.8,9736100,27.964103020474028,-96.62921348314597,-0.0029094912322088495,0
903,2018-01-30,127.65,13418900,57.45528486194039,-17.763157894736626,0.011970826066275642,1
904,2018-01-31,128.07,10854600,67.35952746547804,-4.571428571429285,0.017559192753853425,1
905,2018-02-01,126.39,16789200,28.104217993496494,-80.36529680365275,-0.00023730422401524454,0
906,2018-02-04,126.71,13596300,38.36658538840314,-65.75342465753442,0.0004737465455979528,1
907,2018-02-05,125.38,17672500,20.30094583918626,-92.34449760765568,-0.01492771841609053,0
908,2018-02-06,124.79,8558500,15.45769845475451,-86.89655172413762,-0.031359155476209044,0
909,2018-02-07,124.98,7343600,24.193805084470785,-73.36448598130808,-0.023364851136985165,0
910,2018-02-08,124.77,14140700,20.65521307988421,-72.46376811594227,-0.025767158585148775,0
911,2018-02-11,125.37,6984900,51.22735373246422,-31.468531468530838,-0.015547703180211925,0
912,2018-02-12,126.08,5321300,71.03625868530185,-5.586592178771407,-0.005678233438485836,0
913,2018-02-13,128.23,16416400,89.818802046423,-10.344827586207277,0.004543674108891338,1
914,2018-02-14,128.38,7276500,90.4658350864781,-6.84039087947907,0.0024205512610291358,1
915,2018-02-15,127.96,7956900,71.4062620949409,-30.70539419087138,0.012421868818735637,1
916,2018-02-19,126.24,11148700,31.12478668677078,-92.48120300751917,-0.0037092573593244804,0
917,2018-02-20,125.66,7908800,24.21525117171297,-93.2515337423313,0.0022332110384430948,1
918,2018-02-21,126.3,5346300,44.57908007862138,-56.12244897959204,0.012100328551967188,1
919,2018-02-22,126.14,4239700,40.498278706836345,-46.96969696969705,0.009281485037605952,1
920,2018-02-25,126.45,3194300,53.00171384830664,-22.077922077922004,0.013464775186343036,1
921,2018-02-26,125.13,7082300,22.629445598194177,-73.39901477832552,-0.0019143335726250488,0
922,2018-02-27,125.0,4534900,20.863283151440555,-79.80295566502481,-0.008565989847715727,0
923,2018-02-28,124.72,12910100,16.661939368947973,-55.64202334630361,-0.027372689698198505,0
924,2018-03-01,125.39,9994300,51.62617447965572,-14.218009478672855,-0.02329023212338366,0
925,2018-03-04,125.18,5778300,43.12064029646987,-24.17061611374365,-0.021725539231009616,0
926,2018-03-05,126.53,8676800,78.02768862189843,-21.49999999999963,0.002297211660329479,1
927,2018-03-06,125.72,5158700,50.26478987417081,-61.999999999999744,0.00047747891134819476,1
928,2018-03-07,125.42,3474900,41.96876969027632,-84.15300546448051,-0.006967537608867702,0
929,2018-03-08,125.54,5066800,47.19766894864745,-49.66887417218526,-0.00475661962898366,0
930,2018-03-11,125.54,2884300,47.19766894864745,-17.391304347825685,-0.007196520363780157,0
931,2018-03-12,125.78,4798300,62.430894318041275,-17.355371900826018,0.005194597618476848,1
932,2018-03-13,125.7,3777000,54.56064846175618,-25.21739130434732,0.005600000000000049,1
933,2018-03-14,124.9,6130100,18.87291444637777,-85.82677165354274,0.001443232841565223,1
934,2018-03-15,124.6,7402200,13.796723608055366,-74.8387096774195,-0.0063003429300583225,0
935,2018-03-18,124.87,4335400,36.75964105556354,-33.99999999999892,-0.0024764339351334153,0
936,2018-03-19,124.31,3399400,20.10106488051119,-70.83333333333269,-0.01754524618667508,0
937,2018-03-20,126.48,12532000,78.01400845349337,-10.0,0.006045179764556208,1
938,2018-03-21,125.98,5298700,62.38543363490552,-27.857142857142783,0.004464997608037091,1
939,2018-03-22,127.61,12025900,80.9990543025931,-14.85148514851494,0.01648876851999348,1
940,2018-03-25,128.28,6169800,85.44109057938304,-10.204081632653406,0.02182571292018487,1
941,2018-03-26,127.49,6180700,60.447494934775946,-71.2418300653599,0.013595166163141936,1
942,2018-03-27,125.73,10254900,30.566867024166143,-92.83387622149843,0.00023866348448686736,1
943,2018-03-28,125.79,7102000,32.2787198060718,-79.22077922077906,0.007125700560448367,1
944,2018-04-01,127.26,11421100,64.47054263939998,-12.556053811659222,0.021348314606741692,1
945,2018-04-02,126.3,6083700,43.98748784637873,-55.605381165919596,0.011451909986385678,1
946,2018-04-03,126.45,7488300,47.86933100706869,-71.24183006535965,0.017215026948757206,1
947,2018-04-04,125.8,5333000,33.00262449520696,-82.38095238095279,-0.005376344086021612,0
948,2018-04-05,126.39,6121200,52.913286599112475,-54.28571428571446,0.0032544848388633696,1
949,2018-04-08,126.82,4189900,64.45989267694743,-2.797202797203249,-0.006190737403024893,0
950,2018-04-09,127.12,5268800,71.71782394433458,-16.10169491525395,-0.009042719052073545,0
951,2018-04-10,128.11,12348600,85.93541856271763,-41.97530864197492,0.004863126519727201,1
952,2018-04-11,126.62,8141300,40.252763340980714,-94.99999999999982,0.007078660621967714,1
953,2018-04-12,127.45,6821300,58.62904887751551,-67.3333333333332,0.013196597503775997,1
954,2018-04-15,127.63,4600000,62.39182073195789,-26.582278481013454,0.002907433600502829,1
955,2018-04-16,127.75,4184100,65.52719244766955,-28.571428571429344,0.011480601741884477,1
956,2018-04-17,127.85,6755600,68.78061914921041,-44.80519480519489,0.01107156979043089,1
957,2018-04-18,127.6,8736100,50.80138488506282,-61.038961038961205,0.014308426073131875,1
958,2018-04-19,126.63,10403100,20.148515107619826,-95.97989949748751,0.0018988844054117493,1
959,2018-04-22,125.62,6921500,10.37298593443149,-88.97637795275583,-0.00946222993218726,0
960,2018-04-23,126.23,4733100,37.739065530167885,-45.39877300613478,-0.0070012586532410825,0
961,2018-04-24,125.41,5985700,23.35813274693923,-72.65625000000047,-0.021075638123487783,0
962,2018-04-25,124.97,7517100,17.875547919046152,-83.03030303030302,-0.013031116727215353,0
963,2018-04-26,125.5,5654000,42.332123605244625,-12.903225806452006,-0.015300117693213044,0
964,2018-04-29,124.59,9830600,23.95742838797655,-72.02797202797177,-0.023818851367233385,0
965,2018-04-30,123.71,7551600,14.701182323791492,-85.65022421524698,-0.03162426614481417,0
966,2018-05-01,123.65,7614000,14.1423566936534,-85.63535911602183,-0.0328509972624168,0
967,2018-05-02,124.28,4857400,46.29512268427839,-35.03649635036514,-0.02601880877742946,0
968,2018-05-03,124.54,5883600,56.40224573374164,-18.644067796609967,-0.016504777698807427,0
969,2018-05-06,124.57,3397500,57.77754273137167,-25.000000000001403,-0.008358541633497918,0
970,2018-05-07,124.59,5551100,59.06872527474485,-31.03448275862073,-0.012992157173413621,0
971,2018-05-08,124.33,4405600,37.003080166924235,-53.448275862069515,-0.008611753448688253,0
972,2018-05-09,125.18,5218400,77.75434406443296,-12.025316455696071,0.0016804032967911997,1
973,2018-05-10,125.0,4299200,64.50080808584968,-43.70370370370368,-0.003984063745019917,0
974,2018-05-13,124.49,3753200,37.40414681363996,-95.65217391304374,-0.000802632635042988,0
975,2018-05-14,122.48,10911900,10.73745531668855,-89.88439306358359,-0.009942607711583507,0
976,2018-05-15,122.29,4943300,9.751680642395772,-91.823899371069,-0.010998786898503865,0
977,2018-05-16,122.36,7781300,14.10938437553511,-58.227848101265614,-0.015448986160283229,0
978,2018-05-17,122.41,6837100,18.334331909656644,-37.500000000001386,-0.01710293881483871,0
979,2018-05-20,122.48,4126700,25.98045540407784,-25.0,-0.016777715340772215,0
980,2018-05-21,122.41,4579600,22.781066077407566,-42.857142857142854,-0.01749739144393614,0
981,2018-05-22,122.54,7007300,42.50477827091542,-25.97402597402463,-0.014397168824901385,0
982,2018-05-23,123.59,8850100,85.95822110053862,-13.450292397660268,-0.012701709538264883,0
983,2018-05-24,123.21,7920700,60.95126962644226,-35.67251461988314,-0.01432,0
984,2018-05-28,123.19,9013200,59.58281005390552,-54.31034482758597,-0.010442605831793683,0
985,2018-05-29,123.37,4573700,68.98376651270087,-31.73076923076888,0.007266492488569476,1
986,2018-05-30,123.1,7862500,45.2843883782245,-60.71428571428608,0.006623599640199318,1
987,2018-05-31,122.49,8059100,20.923795755515318,-96.26865671641814,0.00106243870545919,1
988,2018-06-03,122.37,4345400,18.057393852513847,-100.0,-0.0003267706886691535,0
989,2018-06-04,122.85,6864200,55.02489279017026,-40.000000000000895,0.0030209013716524513,1
990,2018-06-05,122.92,4083700,59.06466356025144,-40.186915887850034,0.004166326280532706,1
991,2018-06-06,122.86,3700700,52.949717480437776,-45.7943925233643,0.002611392198465845,1
992,2018-06-07,123.01,3865700,66.10787245632008,-47.2222222222208,-0.004692936321708863,0
993,2018-06-10,123.23,3201200,79.01748089122047,-26.027397260273517,0.00016232448664887933,1
994,2018-06-11,122.82,7279600,38.268892590094346,-76.9230769230779,-0.0030034905430635916,0
995,2018-06-12,123.19,5867700,63.64629590415672,-24.210526315789817,-0.0014590256950637315,0
996,2018-06-13,123.38,8015400,72.3893456434047,-34.53237410071969,0.002274573517465406,1
997,2018-06-14,121.34,14537000,14.85425010233769,-83.168316831683,-0.009388521511960124,0
998,2018-06-17,121.11,3846000,13.094196232490992,-90.75907590759073,-0.010296641333660261,0
999,2018-06-18,120.8,4925800,10.563649657997482,-86.41975308641987,-0.016687016687016665,0
1000,2018-06-19,120.26,4548500,7.019212909478748,-92.18749999999935,-0.021640091116173044,0
1001,2018-06-20,120.05,5681900,5.8702486210658,-80.99173553718988,-0.022871561126485473,0
1002,2018-06-21,120.34,4489400,29.705077293273924,-47.47474747474693,-0.021705552394114314,0
1003,2018-06-24,119.89,9300200,18.689798124893567,-87.9310344827576,-0.027103789661608424,0
1004,2018-06-25,119.26,8674500,10.507412976533878,-87.02290076335866,-0.02898550724637672,0
1005,2018-06-26,118.58,6480100,6.148935139292502,-94.2857142857146,-0.03742186865817032,0
1006,2018-06-27,118.22,7760500,4.625345353885455,-86.70886075949404,-0.04182201329226776,0
1007,2018-06-28,118.65,8002800,33.948375998193825,-38.46153846153794,-0.022169111587275414,0
1008,2018-07-01,117.46,12021900,14.913978136067543,-96.10389610389686,-0.030137891173313558,0
1009,2018-07-02,118.65,8901000,53.78346368135449,-25.595238095237768,-0.01779801324503305,0
1010,2018-07-04,119.05,4951900,62.435728986057995,-14.507772020725504,-0.010061533344420504,0
1011,2018-07-05,118.86,2946900,55.08768385422363,-49.473684210526045,-0.009912536443148712,0
1012,2018-07-08,119.15,4074900,64.62058227374811,-57.99999999999983,-0.009888648828319746,0
1013,2018-07-09,118.93,3754800,52.04904889404067,-71.42857142857089,-0.008007340061723212,0
1014,2018-07-10,117.64,6974500,19.19849045760257,-99.052132701422,-0.013583766560456234,0
1015,2018-07-11,118.13,4585300,40.56993191246797,-63.0434782608701,-0.003794906392309061,0
1016,2018-07-12,117.61,5444300,28.549669502076657,-85.18518518518547,-0.005159871426154594,0
1017,2018-07-15,117.55,3670700,27.157053187857567,-72.44897959183726,-0.00927096502317748,0
1018,2018-07-16,116.28,7939600,10.655155126682669,-90.18404907975479,-0.010045973097224548,0
1019,2018-07-17,116.31,5391800,12.538275517413707,-73.33333333333307,-0.019721871049304673,0
1020,2018-07-18,115.81,14227600,8.211456093814311,-61.87845303867421,-0.027215455690886126,0
1021,2018-07-19,116.56,7892000,48.330352537493546,-9.43396226415047,-0.019350496382298465,0
1022,2018-07-22,116.0,6247100,32.44673251437217,-44.65408805031437,-0.0264372639530005,0
1023,2018-07-23,116.04,4801000,34.744519377267736,-70.5263157894732,-0.024300008408307372,0
1024,2018-07-24,116.68,5479600,64.07322355720584,-14.814814814814522,-0.008160489629377654,0
1025,2018-07-25,115.77,6382700,32.71411399359279,-100.0,-0.019977990349614783,0
1026,2018-07-26,115.83,5242000,35.820699043352946,-94.39252336448581,-0.015134767451747355,0
1027,2018-07-29,115.65,4157400,29.658673323664058,-98.85057471264308,-0.0161633347511696,0
1028,2018-07-30,115.99,5508500,52.708590848232106,-37.500000000000185,-0.002493980048159705,0
1029,2018-07-31,115.14,7941700,23.648598476026226,-99.18032786885203,-0.010059324219757526,0
1030,2018-08-01,114.52,6204200,14.750657860972222,-94.81865284974121,-0.011138934461618177,0
1031,2018-08-02,114.92,5953200,37.505946593962214,-60.937500000000036,-0.014070006863417972,0
1032,2018-08-05,114.33,5811600,23.580127630653617,-98.36065573770524,-0.014396551724137896,0
1033,2018-08-06,114.59,5188000,38.63992396580116,-77.04918032786874,-0.01249569114098592,0
1034,2018-08-07,114.91,3808000,55.008506978620986,-6.250000000000972,-0.015169694892012475,0
1035,2018-08-08,114.74,4253000,45.364975930586695,-53.521126760564144,-0.00889695085082487,0
1036,2018-08-09,114.69,6757900,42.108218342974915,-65.85365853658554,-0.009842009842009891,0
1037,2018-08-12,112.96,9150900,8.910080328046046,-94.58333333333354,-0.02325983571119772,0
1038,2018-08-13,113.07,7085900,15.280500561010202,-90.00000000000024,-0.025174584015863477,0
1039,2018-08-14,111.19,12398400,5.471210228950357,-95.27272727272744,-0.034306062185165964,0
1040,2018-08-15,111.1,7484600,5.230115770026814,-98.34710743801686,-0.029863779252532363,0
1041,2018-08-16,112.13,8471000,46.0451566972308,-4.464285714286712,-0.024277758440654384,0
1042,2018-08-19,112.69,5313400,60.06983844526832,-3.048780487804704,-0.01434444152890757,0
1043,2018-08-20,113.02,5042400,67.53019286809405,-4.651162790697578,-0.013701021031503724,0
1044,2018-08-21,113.27,6215600,73.2166375563363,-16.54135338345858,-0.01427203898703333,0
1045,2018-08-22,112.2,5500100,34.46565685323539,-90.20979020979013,-0.022137005403520926,0
1046,2018-08-23,114.16,9214700,73.29751419176682,-11.016949152542592,-0.004621152672421358,0
1047,2018-08-26,114.59,4364000,77.65472489498222,-6.985294117646978,0.014429886685552562,1
1048,2018-08-27,113.68,6101400,51.156294749824724,-71.68674698795121,0.005394888122402186,1
1049,2018-08-28,114.2,5616300,62.209497517744225,-50.7575757575756,0.027070779746380058,1
1050,2018-08-29,113.64,5431600,45.55612340494995,-75.4601226993863,0.022862286228622963,1
1051,2018-08-30,113.51,5048700,41.671644487483725,-72.16494845360717,0.012307143494158623,1
1052,2018-09-03,112.93,6617500,26.531639994127755,-77.93103448275815,0.002129736445114938,1
1053,2018-09-04,113.32,4459200,46.234090125536696,-51.034482758621216,0.002654397451778312,1
1054,2018-09-05,113.54,4784700,56.17807911606894,-43.63636363636342,0.0023836850004415044,1
1055,2018-09-06,113.23,3714000,40.38925597235898,-79.84496124030979,0.009180035650623974,1
1056,2018-09-09,113.15,2316500,36.426314488374246,-86.04651162790651,-0.00884723195515058,0
1057,2018-09-10,113.22,3791300,43.679334811017476,-32.203389830508286,-0.011955668033859834,0
1058,2018-09-11,114.17,6315900,83.04877987075922,-11.167512690355279,0.004310344827586077,1
1059,2018-09-12,113.76,5635900,57.1754379426219,-43.22033898305069,-0.003852889667250392,0
1060,2018-09-13,113.02,5375600,31.015484606084375,-94.11764705882356,-0.005455825413586801,0
1061,2018-09-16,113.61,4727300,55.413060549250744,-62.566844919786035,0.0008809796493700617,1
1062,2018-09-17,113.44,4737800,48.06588858318516,-52.67857142857152,0.004516071902948671,1
1063,2018-09-18,113.88,4223200,65.71458123097689,-31.0344827586217,0.004941757853865081,1
1064,2018-09-19,114.27,4384200,76.38448402875704,-9.174311926606258,0.006429452175444661,1
1065,2018-09-20,113.49,6831400,39.50326569202895,-55.696202531646236,0.0022962112514350874,1
1066,2018-09-23,113.47,4435300,38.78303999931545,-56.96202531645611,0.00282810428634539,1
1067,2018-09-24,113.65,3004800,50.87444679874481,-26.49572649572576,0.0037979155626215455,1
1068,2018-09-25,113.05,8297300,25.596093893254302,-69.99999999999989,-0.009809932556713696,0
1069,2018-09-26,112.05,7683400,11.415651447055133,-90.19607843137243,-0.015031645569620333,0
1070,2018-09-27,112.76,6020600,44.287224589336844,-47.99999999999938,-0.002300477791541189,0
1071,2018-09-30,112.57,3892600,38.54571481885781,-37.3913043478265,-0.009154123756711652,0
1072,2018-10-01,113.87,10776700,73.63090652183925,-20.353982300884635,0.003790550070521981,1
1073,2018-10-02,113.42,6674500,56.794829526242474,-41.74311926605503,-0.004039339655777963,0
1074,2018-10-03,113.48,6616200,58.68424074448178,-79.43925233644858,-0.00691345059945736,0
1075,2018-10-04,113.8,7994400,69.39231248924024,-41.935483870968135,0.0027315181954357115,1
1076,2018-10-07,112.54,12111600,27.41954506335245,-72.05240174672477,-0.00819599894245171,0
1077,2018-10-08,112.6,8352300,30.425472379097364,-68.18181818181853,-0.009238891333040122,0
1078,2018-10-09,112.88,10571300,46.06231685457763,-7.547169811320679,-0.0015037593984962294,0
1079,2018-10-10,115.78,26810900,87.99155237531792,-6.388206388206502,0.033288710397144206,1
1080,2018-10-11,115.23,12939300,72.05649173220796,-21.37203166226915,0.02190493082653422,1
1081,2018-10-14,116.0,11828400,79.75555528512172,-21.7213114754099,0.030469929821444586,1
1082,2018-10-15,115.8,9531800,72.02403415794177,-52.631578947368375,0.016949152542372836,1
1083,2018-10-16,115.79,7078600,71.50416196508557,-88.04347826086946,0.020895785575736348,1
1084,2018-10-17,115.92,7964100,75.02012299114271,-70.10309278350448,0.02150158618258713,1
1085,2018-10-18,116.01,7453900,77.85728366420977,-51.28205128205011,0.01942003514938495,1
1086,2018-10-21,115.71,5200500,49.65738757999987,-71.42857142857247,0.02816776257330722,1
1087,2018-10-22,116.39,12704200,77.43980483784591,-47.2527472527474,0.03365896980461813,1
1088,2018-10-23,116.66,8563300,83.02066430226755,-32.41758241758273,0.03348688873139616,1
1089,2018-10-24,116.4,8303500,61.16507246079104,-74.56140350877139,0.005354983589566542,1
1090,2018-10-25,116.77,15733100,75.13686010308511,-57.14285714285754,0.013364575197431172,1
1091,2018-10-28,116.31,8732500,44.96710553220031,-74.03314917127082,0.0026724137931035674,1
1092,2018-10-29,115.8,7233300,26.962527698703614,-92.03980099502506,0.0,0
1093,2018-10-30,115.15,11409300,15.272240158162875,-73.9361702127656,-0.005527247603419938,0
1094,2018-10-31,116.63,13662900,65.84696413404313,-18.257261410788313,0.0061249137336092385,1
1095,2018-11-01,116.65,8796900,66.2552585510135,-17.427385892115687,0.005516765796051981,1
1096,2018-11-04,116.37,6291500,52.95964246122067,-78.65168539325836,0.005703914959813483,1
1097,2018-11-05,116.04,7270800,39.09151598405658,-75.80645161290248,-0.003007131196838153,0
1098,2018-11-06,116.03,8392100,38.63168972066832,-68.81720430107482,-0.005400308589062153,0
1099,2018-11-07,115.78,7638800,26.80698132817841,-72.81553398058244,-0.0053264604810997485,0
1100,2018-11-08,114.48,14159200,7.913526252166932,-84.61538461538441,-0.019611201507236387,0
1101,2018-11-11,113.66,7498600,4.747606299137912,-96.88715953307401,-0.022783939472100445,0
1102,2018-11-12,113.7,9309000,7.456628705371162,-78.94736842105252,-0.01813471502590669,0
1103,2018-11-13,114.64,13950200,53.78669111881786,-25.60975609756107,-0.00442900564481119,0
1104,2018-11-14,114.77,8910600,58.13459217734247,-17.68292682926867,-0.015947869330360964,0
1105,2018-11-15,115.62,8577000,78.22617490475456,-10.743801652892179,-0.008829832833261886,0
1106,2018-11-18,115.67,8508300,79.11072909390128,-18.382352941176478,-0.00601529603849793,0
1107,2018-11-19,115.67,9075100,79.11072909390128,-48.27586206896586,-0.003188555670458504,0
1108,2018-11-20,115.86,8834200,84.49592667459832,-50.0,-0.0014651383262949125,0
1109,2018-11-22,115.77,3726600,71.4147592583688,-59.183673469388204,-8.63707030576144e-05,0
1110,2018-11-25,115.64,4018600,53.47694812212024,-86.5853658536585,0.010132774283717616,1
1111,2018-11-26,114.95,9671100,17.82705937106272,-72.65624999999936,0.011349639275030743,1
1112,2018-11-27,115.38,13788800,49.37483037171158,-46.62162162162179,0.014775725593667577,1
1113,2018-11-28,115.74,6479300,65.84298830995253,-30.30303030303046,0.009595254710397683,1
1114,2018-11-29,115.54,8169600,51.80082645025399,-42.42424242424195,0.006709070314542265,1
1115,2018-12-02,116.41,8469500,79.84621817022088,-20.809248554913385,0.006832727901747049,1
1116,2018-12-03,117.12,7186100,88.22987337705227,-11.489361702127518,0.012535661796490016,1
1117,2018-12-05,117.14,9267600,88.43318101794202,-39.568345323740786,0.012708567476441557,1
1118,2018-12-06,118.09,10402900,94.81474780444374,-10.687022900763383,0.0192473675125151,1
1119,2018-12-09,117.68,8117900,69.86252802591704,-41.98473282442719,0.016498229247646323,1
1120,2018-12-10,117.54,6395400,61.56409268972992,-78.4090909090898,0.01643030093393305,1
1121,2018-12-11,117.79,4136800,70.84139797148443,-26.66666666666572,0.024706394084384575,1
1122,2018-12-12,117.53,4131800,51.463436375566175,-60.86956521739175,0.01863407869648115,1
1123,2018-12-13,117.06,7501700,29.54757395838552,-64.96350364963486,0.01140487299118731,1
1124,2018-12-16,117.87,8454900,66.46520637664815,-11.034482758620433,0.020166176216029008,1
1125,2018-12-17,118.15,7542900,73.6301116255447,-3.086419753086236,0.014947169487157463,1
1126,2018-12-18,117.43,13827500,40.36514657424904,-95.03105590062034,0.002646857923497281,1
1127,2018-12-19,119.24,18615100,77.94246955022234,-21.367521367521466,0.017927266518695584,1
1128,2018-12-20,118.72,13629800,61.29745579672464,-43.58974358974362,0.005334914048606976,1
1129,2018-12-23,120.02,9736400,78.50851699415392,-7.643312101911081,0.01988443235893933,1
1130,2018-12-25,119.66,14293500,66.26746129391819,-55.144032921810684,0.01803641313595361,1
1131,2018-12-26,120.57,11874400,78.80052698839013,-30.069930069930404,0.02360132439086504,1
1132,2018-12-27,121.06,6864700,83.69386545945902,-1.3245033112580102,0.030034884710286702,1
1133,2018-12-30,121.25,8449400,85.62391949399758,-0.8928571428575961,0.03579361011447113,1
1134,2019-01-01,121.33,12776200,86.62386586117539,-40.776699029126334,0.029354373462288974,1
1135,2019-01-02,122.43,15440800,94.50581364914746,-1.8404907975452154,0.03622513753702927,1
1136,2019-01-03,121.44,13334000,52.63500355650939,-57.62711864406771,0.03414800306565602,1
1137,2019-01-06,121.86,7473600,63.052123713303075,-33.89830508474552,0.021972492452197345,1
1138,2019-01-07,121.53,7643100,50.072897638233506,-45.09803921568609,0.02366913746630739,1
1139,2019-01-08,122.31,10555900,71.13754712274493,-2.3437500000000866,0.01908015330778201,1
1140,2019-01-09,121.59,6672000,44.9049516818045,-58.59374999999995,0.016129032258064502,1
1141,2019-01-10,121.8,8622400,52.558743049614534,-60.00000000000032,0.010201542672306552,1
1142,2019-01-13,122.09,6477100,63.15992937706697,-22.38805970149121,0.00850817776309265,1
1143,2019-01-14,121.88,7512500,50.82382161294847,-65.78947368421132,0.005195876288659695,1
1144,2019-01-15,122.27,6878100,68.15206058426845,-20.731707317073553,0.007747465589714064,1
1145,2019-01-16,122.11,8558500,56.00725480255395,-40.24390243902452,-0.002613738462795112,0
1146,2019-01-17,121.02,10896000,19.853705712144272,-100.0,-0.0034584980237154506,0
1147,2019-01-21,121.45,7896500,42.00615574154277,-59.55882352941196,-0.0033645166584604924,0
1148,2019-01-22,121.28,5224900,36.090499414898126,-38.23529411764743,-0.0020571052415041535,0
1149,2019-01-23,121.09,5662500,29.19720002703219,-66.17647058823505,-0.009974654566266006,0
1150,2019-01-24,122.86,11103300,80.70231583404689,-2.439024390243767,0.010444937906077811,1
1151,2019-01-27,123.29,8522200,84.74594773181201,0.0,0.012233169129720833,1
1152,2019-01-28,123.98,11610200,89.86008693690687,-1.0101010101008072,0.015480383323777547,1
1153,2019-01-29,124.69,12104000,93.31789628587686,-16.17021276595729,0.023055464391204428,1
1154,2019-01-30,124.75,10209500,93.59477242971784,-27.11864406779668,0.020282980289523245,1
1155,2019-01-31,124.5,12485500,74.34223570366892,-47.712418300653816,0.019572516583408417,1
1156,2019-02-03,123.96,6878900,44.61057372279572,-90.07092198581564,0.02429350520575113,1
1157,2019-02-04,124.28,6291100,59.13706193630911,-62.60162601625964,0.023301770275833578,1
1158,2019-02-05,123.44,6595100,29.093537914243857,-96.07843137254977,0.01781002638522433,1
1159,2019-02-06,123.74,5935500,44.26293864055372,-66.6666666666676,0.021884548682797877,1
1160,2019-02-07,124.21,4235200,62.9099115205522,-12.903225806452204,0.010988116555428862,1
1161,2019-02-10,123.6,4821800,38.09698066711685,-64.03508771929856,0.0025143969502796626,1
1162,2019-02-11,123.86,4271900,50.56341435732234,-41.228070175438475,-0.000967898048072291,0
1163,2019-02-12,123.37,7640500,32.220275877711764,-86.76470588235243,-0.01058625390969603,0
1164,2019-02-13,124.06,6276500,61.625490722022704,-39.516129032257815,-0.005531062124248476,0
1165,2019-02-14,124.8,12190100,77.39895246480356,-11.834319526627404,0.002409638554216942,1
1166,2019-02-18,126.7,15614000,91.25028097066142,-2.7607361963191184,0.02210390448531796,1
1167,2019-02-19,126.48,8889700,82.47163008267182,-24.09240924092386,0.01770196330865792,1
1168,2019-02-20,125.05,8634600,42.55524144244948,-100.0,0.013042773817239173,1
1169,2019-02-21,125.5,5439400,53.23848185086389,-79.1666666666665,0.014223371585582623,1
1170,2019-02-24,125.37,4882600,49.26803038766065,-72.64957264957205,0.009339022622977255,1
1171,2019-02-25,125.58,5153200,57.0326472010765,-41.111111111111356,0.016019417475728215,1
1172,2019-02-26,124.69,7935600,28.90697462766887,-80.6666666666672,0.006701114161149713,1
1173,2019-02-27,123.99,7811700,18.274657446324873,-99.39024390243958,0.005025532949663569,1
1174,2019-02-28,121.88,16411700,6.862346461598548,-99.70238095238123,-0.017572142511687927,0
1175,2019-03-03,121.56,10272600,6.008724763442724,-89.23512747875364,-0.02596153846153837,0
1176,2019-03-04,121.72,7120100,14.029283352309802,-76.4505119453925,-0.03930544593528018,0
1177,2019-03-05,121.61,4820400,12.89456583577164,-29.26829268292645,-0.0385041113219482,0
1178,2019-03-06,121.51,6088800,11.613652696501727,-31.428571428571136,-0.028308676529388177,0
1179,2019-03-07,122.84,10427700,70.35787646778596,-2.9239766081869787,-0.02119521912350597,0
1180,2019-03-10,122.24,6708700,48.53105195466397,-38.01169590643322,-0.024966100342984854,0
1181,2019-03-11,122.98,6289900,67.29882985365747,-4.504504504504251,-0.020703933747411973,0
1182,2019-03-12,123.84,7377300,80.00736673231145,-2.0408163265302126,-0.006816905926698147,0
1183,2019-03-13,122.41,6778200,40.62717941778634,-83.52272727272765,-0.012742963142188923,0
1184,2019-03-14,122.97,9412000,53.9434462139963,-51.70454545454553,0.008943222842139775,1
1185,2019-03-17,123.04,7783200,55.80209676792427,-28.124999999999932,0.012175057584731919,1
1186,2019-03-18,123.38,6558700,65.844525639666,-45.55555555555647,0.013637857377587936,1
1187,2019-03-19,124.18,11304900,81.04511798657765,-13.559322033898047,0.021133130499136676,1
1188,2019-03-20,123.68,7739800,57.18573631016799,-41.80790960451958,0.017858612459879852,1
1189,2019-03-21,123.97,5874000,65.91559630576629,-25.423728813559542,0.009198957994138723,1
1190,2019-03-24,124.92,7288300,82.9741943772545,-9.499999999999886,0.021924083769633507,1
1191,2019-03-25,124.3,5056100,55.68944920570959,-58.6956521739134,0.010733452593917558,1
1192,2019-03-26,123.65,6595000,36.70739097406425,-94.19354838709654,-0.0015342377260981754,0
1193,2019-03-27,121.9,11878300,15.445779853933717,-93.21428571428531,-0.004166326280532595,0
1194,2019-03-28,122.01,7093900,19.824337824558494,-88.76404494381981,-0.007806782141985824,0
1195,2019-03-31,121.53,13560000,14.805883681532356,-94.57364341085217,-0.012272431729518862,0
1196,2019-04-01,121.98,4475000,37.17186561101277,-59.68992248061956,-0.011347057869995014,0
1197,2019-04-02,121.8,6152700,32.11342913592038,-64.94845360824755,-0.01916572717023679,0
1198,2019-04-03,122.11,7508400,49.77117941199375,-10.156249999999636,-0.012694049159120424,0
1199,2019-04-04,121.98,5114500,42.77287459411552,-20.31249999999927,-0.016052270710655736,0
1200,2019-04-07,122.51,4270800,69.23077103906968,-24.75728155339759,-0.019292347102145335,0
1201,2019-04-08,123.15,4648400,83.25420748034902,-11.834319526626562,-0.009251810136765792,0
1202,2019-04-09,123.53,6344800,88.08902456136077,-17.518248175182233,-0.0009704811969268867,0
1203,2019-04-10,121.95,11694500,31.45260864704298,-91.91919191919204,0.00041017227235440323,1
1204,2019-04-11,121.83,5272800,29.306032005543003,-97.97979797979838,-0.0014752889107451095,0
1205,2019-04-14,121.6,4252400,24.499009984217075,-69.6969696969698,0.000575989467621163,1
1206,2019-04-15,120.51,10097800,11.310568911998612,-84.90566037735817,-0.012051155927201185,0
1207,2019-04-16,120.28,4693900,9.663952912934914,-94.47852760736174,-0.012479474548440006,0
1208,2019-04-17,120.37,4090400,16.77551384770286,-54.166666666665925,-0.01424944721971988,0
1209,2019-04-21,120.37,2250900,16.77551384770286,-43.58974358974396,-0.013198885063125054,0
1210,2019-04-22,120.12,5574800,11.24348176606121,-42.42424242424221,-0.019508611541914966,0
1211,2019-04-23,120.47,4173000,47.55933949495988,-21.367521367521334,-0.021762078765732884,0
1212,2019-04-24,120.57,4836900,55.38314763433376,-34.19354838709691,-0.023961790658139748,0
1213,2019-04-25,121.37,6022700,84.01014528857019,-18.404907975460002,-0.00475604756047554,0
1214,2019-04-28,120.83,4469300,50.92639010536282,-71.79487179487198,-0.00820815890995652,0
1215,2019-04-29,121.2,4758600,65.0658418005955,-46.999999999999886,-0.003289473684210509,0
1216,2019-04-30,120.4,12331800,33.63501857031708,-83.94160583941603,-0.0009127873205543313,0
1217,2019-05-01,119.94,6759600,23.742799396339915,-80.09950248756252,-0.0028267376122381727,0
1218,2019-05-02,120.65,8414400,54.63355717399322,-44.776119402984854,0.0023261610035723024,1
1219,2019-05-05,120.81,3479600,60.09743976536338,-19.620253164557127,0.0036553958627565386,1
1220,2019-05-06,121.21,4010700,72.51219102926521,-22.34042553191579,0.009074259074258961,1
1221,2019-05-07,120.91,4178800,53.7120370359508,-63.000000000000966,0.0036523615837966705,1
1222,2019-05-08,121.2,5015500,66.35902182286604,-49.41176470588206,0.005225180393132689,1
1223,2019-05-09,121.43,4586000,74.61139506498667,-31.249999999999446,0.0004943561011783171,1
1224,2019-05-12,122.67,11130900,91.49115111625967,-9.045226130652917,0.015228006289828677,1
1225,2019-05-13,122.46,5556000,78.2715036508987,-25.161290322580726,0.010396039603960405,1
1226,2019-05-14,122.39,10299000,72.9977452277955,-63.013698630137014,0.01652823920265778,1
1227,2019-05-15,121.51,6349400,32.14977901143705,-79.74683544303748,0.013089878272469546,1
1228,2019-05-16,120.65,6589300,17.66188824037928,-86.88524590163902,0.0,0
1229,2019-05-19,120.64,4345800,17.524149241560774,-82.18390804597682,-0.0014071682807714758,0
1230,2019-05-20,120.36,3845600,13.2004324530278,-56.9105691056911,-0.007012622720897532,0
1231,2019-05-21,120.24,3741800,11.39332040764535,-54.945054945055155,-0.0055413117194608175,0
1232,2019-05-22,121.17,6054600,65.80791837054592,-20.710059171597326,-0.00024752475247524774,0
1233,2019-05-23,121.3,2324700,69.70843661530995,-16.54135338345858,-0.001070575640286675,0
1234,2019-05-27,120.83,4303500,43.06588131468364,-65.09433962264116,-0.014999592402380357,0
1235,2019-05-28,120.87,4133200,45.714548435196356,-51.76470588235215,-0.012983831455168904,0
1236,2019-05-29,121.69,7757000,77.66526801266225,0.0,-0.005719421521366175,0
1237,2019-05-30,123.33,15367000,91.92440182635511,-2.641509433962537,0.014978191095383009,1
1238,2019-06-02,125.11,14173600,96.04019532402704,-5.066079295154266,0.0369664318276004,1
1239,2019-06-03,125.15,7997100,96.10707378886974,-8.709677419354685,0.03738395225464197,1
1240,2019-06-04,125.47,7637900,96.76310234670004,-36.437246963563,0.042455965437022236,1
1241,2019-06-05,125.88,5551800,97.5549745449921,-30.97826086956556,0.04690618762475052,1
1242,2019-06-06,126.59,8145900,98.50499709708328,-32.83582089552213,0.04473054386399267,1
1243,2019-06-09,125.33,5410000,48.42163728006426,-88.07339449541264,0.033223413025556425,1
1244,2019-06-10,125.18,4757800,44.39126904988328,-87.34177215189828,0.03600099313084515,1
1245,2019-06-11,125.83,5744500,63.91448975334908,-28.030303030303216,0.041035823612145306,1
1246,2019-06-12,126.6,5374800,77.77774528886195,-8.994708994709082,0.04034842632919711,1
1247,2019-06-13,126.56,9226100,75.51707077152643,-51.69082125603849,0.026189897024244013,1
1248,2019-06-16,126.48,4763300,69.46030690412586,-68.86227544910122,0.010950363679961717,1
1249,2019-06-17,127.12,10309600,84.43795143085649,-39.87341772151874,0.01574111066719941,1
1250,2019-06-18,127.89,11660600,91.74460680539454,-5.494505494505203,0.019287479078664127,1
1251,2019-06-19,131.11,18636300,97.90746075199648,-7.450980392156761,0.04154750556085185,1
1252,2019-06-20,131.98,15068000,98.39350699572485,-3.4734917733089263,0.04257840271743407,1
1253,2019-06-23,133.94,17851800,99.09996965217807,-2.5974025974024535,0.06869863560201073,1
1254,2019-06-24,134.2,24772200,99.17238755130127,-30.133928571428957,0.07205623901581704,1
1255,2019-06-25,132.97,12016400,63.128202321511594,-82.16560509554141,0.05674322498609241,1
1256,2019-06-26,132.84,8412800,59.68892121724355,-82.37082066869273,0.049289099526066416,1
1257,2019-06-27,133.2,8077000,67.12802275517153,-27.131782945737765,0.05246523388116309,1
1258,2019-06-30,130.62,13369800,22.49726521948973,-97.49103942652353,0.032732447817836796,1
1259,2019-07-01,133.41,13282100,62.71155629899814,-7.142857142857142,0.04948080553807421,1
1260,2019-07-02,133.63,6351500,64.86770938764471,-13.239436619718342,0.04488232074438958,1
1261,2019-07-04,132.14,11536600,40.86320971614567,-59.574468085106766,0.007855998779650486,1
1262,2019-07-07,131.29,8028900,31.035595579841385,-85.41033434650483,-0.005228064858311843,0
1263,2019-07-08,131.75,6633400,42.30029000471521,-38.56209150326817,-0.01635060474839478,0
1264,2019-07-09,133.83,13920600,72.62661196681147,-1.4760147601473035,-0.002757078986587058,0
1265,2019-07-10,132.7,7535100,50.84813492307823,-43.1734317343178,-0.002030533202978191,0
1266,2019-07-11,133.53,6309500,63.05445401033227,-22.368421052631653,0.005194218608852719,1
1267,2019-07-14,133.53,4026600,63.054454010332265,-13.178294573642523,0.0024774774774776187,1
1268,2019-07-15,132.4,7966000,35.81164603149237,-82.69230769230705,0.013627315878119717,1
1269,2019-07-16,134.58,11288300,71.47532398207457,-0.8097165991895473,0.008769957274567197,1
1270,2019-07-17,136.48,18466500,83.47708421372617,-3.3333333333334596,0.021327546209683357,1
1271,2019-07-18,134.47,18079200,50.05629769883632,-57.75401069518693,0.01763281368245817,1
1272,2019-07-21,134.45,7570400,49.7589627827913,-72.18543046357682,0.024068855206032413,1
1273,2019-07-22,133.69,9981400,37.172930487181425,-94.73684210526334,0.014724857685009418,1
1274,2019-07-23,134.37,6715200,53.095649434936,-41.726618705035236,0.004034969737726879,1
1275,2019-07-24,133.42,11708200,34.67810475344249,-82.25806451612975,0.005425772418990116,1
1276,2019-07-25,133.64,6249900,41.70255947636786,-68.57142857142954,0.0008237849172469947,1
1277,2019-07-28,134.53,9162400,64.7226933777197,-12.19512195121892,0.007488953793155062,1
1278,2019-07-29,134.98,9458700,72.85281332465435,-11.494252873564138,0.01948640483383679,1
1279,2019-07-30,133.21,18797200,30.873332838933575,-92.08333333333336,-0.010179818695199905,0
1280,2019-07-31,136.41,27719800,73.02520453637497,-0.48543689320413136,-0.000512895662368118,0
1281,2019-08-01,135.89,13753200,63.57573822031615,-16.55011655011677,0.010559976202870525,1
1282,2019-08-04,137.79,17519800,78.68944059622952,-13.428120063191097,0.024841948679806602,1
1283,2019-08-05,138.91,9471200,84.40945463977307,-3.278688524590291,0.0390455531453362,1
1284,2019-08-06,141.02,26671100,91.13420019951968,-26.75276752767513,0.04949021358934291,1
1285,2019-08-07,141.73,13108600,92.71929468655445,-16.591928251121253,0.0622845150652076,1
1286,2019-08-08,141.26,9485900,78.74059715993634,-68.75000000000081,0.05701885662975159,1
1287,2019-08-11,142.63,15264000,87.18687800280306,-28.089887640449568,0.06020961867241503,1
1288,2019-08-12,141.78,29842800,63.65183475418819,-39.702233250620196,0.05037783375314864,1
1289,2019-08-13,142.75,20672900,75.13924724612355,-22.727272727272695,0.07161624502664954,1
1290,2019-08-14,143.7,13467800,83.02189434920355,-6.852248394004722,0.05344182977787537,1
1291,2019-08-15,142.78,11728800,56.84139116466126,-55.8558558558563,0.05070277430274506,1
1292,2019-08-18,141.11,10552700,30.582439661188783,-91.79810725551994,0.02409463676609347,1
1293,2019-08-19,142.21,7478500,52.337385872448,-40.35087719298189,0.023756389028867675,1
1294,2019-08-20,141.76,8114700,43.89582150598492,-35.460992907801504,0.005247482626577593,1
1295,2019-08-21,141.4,6846500,36.777544491108685,-78.89908256880574,-0.002328370845974592,0
1296,2019-08-22,144.17,20282200,77.98378155630253,-5.063291139241257,0.020600311482372957,1
1297,2019-08-25,144.19,12195800,78.13810111200969,-20.52631578947365,0.010937390450816764,1
1298,2019-08-26,145.57,12844100,87.3298769080849,-2.7227722772280467,0.02673155593172516,1
1299,2019-08-27,145.16,11452400,73.5487998523022,-29.378531073446737,0.01688266199649724,1
1300,2019-08-28,144.12,14762500,45.955702071976155,-64.99999999999994,0.0029227557411275473,1
1301,2019-08-29,143.75,9642200,38.28973611045444,-72.55639097744395,0.006793668581033696,1
1302,2019-09-02,145.75,15615200,73.76855755229789,-12.2186495176848,0.03288214867833594,1
1303,2019-09-03,146.66,11285900,81.1608084507381,-4.210526315789402,0.03129175163490605,1
1304,2019-09-04,143.14,20293200,30.799776476981926,-76.34854771784258,0.009734762979684008,1
1305,2019-09-05,141.92,14175200,23.287395533149155,-98.79032258064568,0.003677510608203649,1
1306,2019-09-08,141.39,11323800,20.093676276949836,-94.51697127937388,-0.01928279114933762,0
1307,2019-09-09,140.18,12629200,13.67240023521495,-99.48717948717923,-0.027810527775851246,0
1308,2019-09-10,141.03,7453000,35.419005890677774,-62.17391304347825,-0.031187744727622424,0
1309,2019-09-11,141.32,12673700,42.79388039077768,-60.54421768707491,-0.026453568476164202,0
1310,2019-09-12,140.15,13451700,25.30563423145698,-97.0394736842104,-0.0275464890369137,0
1311,2019-09-15,141.32,8094600,53.69208421855265,-58.55263157894756,-0.016904347826086963,0
1312,2019-09-16,141.6,7010200,59.251152379155414,-24.87804878048861,-0.02847341337907383,0
1313,2019-09-17,140.71,15026300,37.682920224182894,-66.91176470588213,-0.04057002591026859,0
1314,2019-09-18,141.28,8057400,53.82889100791806,-45.955882352941195,-0.012994271342741226,0
1315,2019-09-19,142.95,12110000,78.41108811902579,-2.4844720496898303,0.007257609921082375,1
1316,2019-09-22,143.75,9006500,84.38498350352597,-6.6666666666666,0.01669142089256681,1
1317,2019-09-23,144.51,10576300,88.80092912457764,-7.854984894260396,0.030888857183621,1
1318,2019-09-24,141.83,11648400,35.57915440370743,-88.28828828828789,0.005672551939303716,1
1319,2019-09-25,141.79,7984600,35.1080737159494,-89.48948948948969,0.0033257854514576746,1
1320,2019-09-26,141.06,9804200,25.768249176298152,-78.20823244552042,0.006493043168034118,1
1321,2019-09-29,138.87,15459100,11.72809752958269,-81.49779735682809,-0.01733654118313044,0
1322,2019-09-30,139.63,12476200,31.232437367362316,-52.83505154639211,-0.0139124293785311,0
1323,2019-10-01,141.26,11914300,59.804879996365855,-15.196078431372719,0.003908748489801495,1
1324,2019-10-02,141.9,12396100,67.70717744043286,-24.770642201834807,0.004388448471121187,1
1325,2019-10-03,141.9,9651000,67.70717744043284,-48.38709677419348,-0.007345225603357708,0
1326,2019-10-06,140.69,6127200,36.87129626110859,-85.04983388704352,-0.021286956521739175,0
1327,2019-10-07,141.92,10428900,62.74354518238626,-18.840579710145704,-0.017922635111756957,0
1328,2019-10-08,142.05,6927700,65.01654552523777,-22.649572649572665,0.00155115278854967,1
1329,2019-10-09,140.81,9301700,34.714256562739514,-88.50000000000051,-0.006911629875167469,0
1330,2019-10-10,140.03,11333400,24.111141184000466,-69.48228882833789,-0.007301857365660025,0
1331,2019-10-13,140.59,4006700,42.89498770701505,-38.90909090909066,0.012385684453085632,1
1332,2019-10-14,139.61,9128300,26.001148687468085,-63.35078534031318,-0.0001432356943349422,0
1333,2019-10-15,140.41,10330300,50.07685028464876,-25.465838509316796,-0.006017273113407828,0
1334,2019-10-16,140.61,6131000,55.50549724372815,-26.701570680627846,-0.009090909090909038,0
1335,2019-10-17,140.46,6416100,49.455480586973096,-46.47887323943586,-0.01014799154334034,0
1336,2019-10-20,139.79,8306200,28.582191163184895,-87.50000000000023,-0.006397043144502179,0
1337,2019-10-21,140.2,3879700,48.52456346733126,-48.27586206896586,-0.012119503945885013,0
1338,2019-10-22,140.53,4155300,61.502913953844555,-33.57142857142835,-0.010700457585357315,0
1339,2019-10-23,141.53,6174800,82.06127196731485,-10.396039603960737,0.005113273205028079,1
1340,2019-10-24,141.86,6011500,85.81180445241975,-41.63090128755337,0.01306862815111054,1
1341,2019-10-27,140.64,5441600,39.73847328100646,-90.12345679012428,0.000355644071413197,1
1342,2019-10-28,140.25,3835100,31.602342958560698,-84.59016393442633,0.004584198839624465,1
1343,2019-10-29,141.02,6992900,57.42047834785433,-13.52941176470537,0.004344419913111741,1
1344,2019-10-30,142.43,7050900,79.09509667630047,-8.280254777069809,0.012943602873195292,1
1345,2019-10-31,142.56,8090000,80.46998894048988,-10.149253731343402,0.014950875694147658,1
1346,2019-11-03,142.15,4740300,61.37418300606902,-64.6551724137933,0.016882466556978448,1
1347,2019-11-04,139.85,11782300,20.479757893317974,-86.64772727272735,-0.0024964336661911224,0
1348,2019-11-05,140.45,6416500,36.925301691604375,-65.1465798045604,-0.0005692734647406716,0
1349,2019-11-06,138.27,15214200,17.359359956103056,-79.63525835866207,-0.023033985727407558,0
1350,2019-11-07,137.39,10377400,13.142625343163687,-100.0,-0.03150993937685065,0
1351,2019-11-10,137.06,7037300,11.562739113006625,-83.51063829787218,-0.025455062571103415,0
1352,2019-11-11,137.43,6448600,26.43548351512547,-42.05607476635512,-0.020106951871657675,0
1353,2019-11-12,137.98,8776000,46.49775360933791,-11.822660098522608,-0.02155722592540077,0
1354,2019-11-13,138.56,5220500,62.622126708840476,-13.818181818181653,-0.027171242013620756,0
1355,2019-11-14,138.21,10106700,49.200342368529476,-56.153846153844874,-0.030513468013467993,0
1356,2019-11-17,138.62,5717900,63.09794911589848,-29.90654205607432,-0.024832922968694993,0
1357,2019-11-18,138.69,4824400,65.51411137784365,-28.000000000000114,-0.008294601358598497,0
1358,2019-11-19,138.76,6892100,68.59816473671742,-26.66666666666751,-0.012032751868992553,0
1359,2019-11-20,138.0,4197200,27.92604882858663,-81.30081300813076,-0.0019527012367108743,0
1360,2019-11-21,137.74,3620300,21.41152261027494,-94.02985074626774,0.0025474925394863845,1
1361,2019-11-24,137.08,6415800,11.339347660674568,-94.26751592356663,0.0001459214942360898,1
1362,2019-11-25,137.74,4724400,48.01832594571129,-38.29787234042556,0.002255693807756698,1
1363,2019-11-26,137.01,4111000,28.474419638088655,-64.75409836065748,-0.0070300043484562424,0
1364,2019-11-28,137.86,4516400,58.193505016052505,-17.419354838708696,-0.005051963048498753,0
1365,2019-12-01,137.79,8274700,55.35243987524671,-26.15384615384676,-0.003038853917951112,0
1366,2019-12-02,139.11,8481700,81.24790260802378,-18.473895582328637,0.003534843456932668,1
1367,2019-12-03,138.92,6322300,72.20580875132976,-28.634361233480657,0.0016583747927030323,1
1368,2019-12-04,139.0,5671500,74.0311230886376,-58.16326530612236,0.001729605073508278,1
1369,2019-12-05,137.62,8714500,27.426286464639947,-89.26829268292678,-0.002753623188405774,0
1370,2019-12-08,137.58,2711600,26.695604192649697,-91.21951219512154,-0.0011616088282270232,0
1371,2019-12-09,137.97,3240800,47.24915491012149,-38.70967741935602,0.0064925590895825724,1
1372,2019-12-10,138.92,6097500,73.94361861085756,-20.540540540541578,0.008566865108174726,1
1373,2019-12-11,138.43,8815100,53.138685653923886,-67.29857819905202,0.010364206992190539,1
1374,2019-12-12,139.05,6964300,69.45183021759593,-40.60913705583672,0.008631945451907708,1
1375,2019-12-15,139.04,4646100,68.87178198333413,-41.116751269035674,0.009071775890848288,1
1376,2019-12-16,139.01,4287500,66.37712207995634,-26.95035460992882,-0.0007188555819137576,0
1377,2019-12-17,139.02,3607600,66.97523037788503,-62.71186440677827,0.0007198387561186959,1
1378,2019-12-18,139.38,4975000,83.15571043308879,-22.972972972974844,0.0027338129496401464,1
1379,2019-12-19,139.52,4463900,86.89980064571867,-4.054054054054158,0.013806132829530693,1
1380,2019-12-22,139.95,5180900,93.52776046263072,-0.9174311926623206,0.017226341037941406,1
1381,2019-12-23,141.27,5303700,98.05620532701913,-2.553191489361774,0.023918243096325398,1
1382,2019-12-25,142.38,8342500,98.96746214608149,-3.061224489796037,0.0249064209617047,1
1383,2019-12-26,142.33,5119900,95.92883198125986,-17.391304347825226,0.028173083869103666,1
1384,2019-12-29,142.63,4810600,96.81025420147317,-19.10112359550709,0.02574613448399843,1
1385,2019-12-30,142.9,5313500,97.53169096519376,-48.95104895104792,0.027761795166858505,1
1386,2020-01-01,143.95,7733800,98.93577408739644,-14.85714285714396,0.03553701172577517,1
1387,2020-01-02,145.86,12272800,99.58300512221415,-13.068181818181305,0.04920155373327573,1
1388,2020-01-05,147.39,14403300,99.75906835521313,-21.45669291338596,0.05746879035729657,1
1389,2020-01-06,147.97,7978500,99.80571366916396,-16.55844155844135,0.06056479357798161,1
1390,2020-01-07,146.86,22248500,64.15169144217204,-70.85020242914901,0.04937477670596668,1
1391,2020-01-08,146.03,10292300,45.80033551308602,-81.38801261829651,0.03369434416365813,1
1392,2020-01-09,146.91,6183300,62.74788258716876,-53.6277602523662,0.03181626632954071,1
1393,2020-01-12,145.82,7593800,39.689764545841285,-75.4838709677424,0.024520480573315462,1
1394,2020-01-13,145.69,6589700,37.24149091302555,-68.06282722513161,0.021454112038140627,1
1395,2020-01-14,146.54,6510000,60.89788389929248,-11.515151515151537,0.025472358292512043,1
1396,2020-01-15,146.31,6069100,52.81714620314499,-25.45454545454505,0.016394581451893098,1
1397,2020-01-16,146.58,11121100,61.75362240771576,-33.33333333333256,0.00493624023035788,1
1398,2020-01-20,146.74,6086100,67.26480182922585,-17.36111111111114,-0.004410068525680044,0
1399,2020-01-21,146.79,4778200,69.33601194967183,-13.888888888890095,-0.007974589443806246,0
1400,2020-01-22,147.12,8419800,81.14597365384434,-24.15458937198076,0.0017703935721093966,1
1401,2020-01-23,147.98,9919900,92.4750993275622,-20.000000000000284,0.013353420530028082,1
1402,2020-01-26,148.99,9988100,96.34454134218292,-12.222222222221685,0.014158328228166983,1
1403,2020-01-27,147.66,7543100,47.796861577462366,-68.31275720164575,0.012618296529968376,1
1404,2020-01-28,148.46,5013100,64.11276093646016,-48.04469273742956,0.019012972750360513,1
1405,2020-01-29,148.47,9119500,64.32184362751498,-47.19101123595522,0.013170465401938003,1
1406,2020-01-30,149.33,14788300,79.63072213163224,-16.908212560386257,0.020641104504135033,1
1407,2020-02-02,148.36,9115100,46.13738193422713,-65.99999999999966,0.012143539364169786,1
1408,2020-02-03,146.43,10525600,20.45712828784378,-83.76288659793825,-0.0021125800735996014,0
1409,2020-02-04,146.61,6158000,26.203436983260314,-72.81879194630856,-0.0012262415695890594,0
1410,2020-02-05,147.4,4819800,49.988466824970054,-12.568306010928511,0.0019032082653616111,1
1411,2020-02-06,147.79,6379300,59.62478601410108,-19.30693069306994,-0.0012839572915258612,0
1412,2020-02-09,148.17,5793600,68.49654033855097,-19.310344827586437,-0.005503725082220412,0
1413,2020-02-10,147.66,5179400,47.489324405043675,-54.861111111110645,0.0,0
1414,2020-02-11,147.54,5040600,42.85098040296192,-63.19444444444431,-0.006196955408864446,0
1415,2020-02-12,148.38,7082100,71.78590605527128,-12.738853503185624,-0.0006061830672863255,0
1416,2020-02-13,149.0,5345400,81.92045980046072,-6.598984771573377,-0.0022098707560437303,0
1417,2020-02-17,150.91,11524900,93.20282262634298,-5.732484076433311,0.017187921272580065,1
1418,2020-02-18,151.79,9269800,95.2509599660897,-0.9404388714733906,0.036604520931502904,1
1419,2020-02-19,152.41,8457300,96.39799174916469,-12.500000000000423,0.039560739376577114,1
1420,2020-02-20,154.7,16344500,98.45946203391357,-11.818181818182035,0.049525101763907564,1
1421,2020-02-23,156.09,27171000,98.98720663589893,-37.08206686930081,0.056160768658231275,1
1422,2020-02-24,153.3,28091500,48.72828405433838,-93.06049822064031,0.034622393197003554,1
1423,2020-02-25,153.97,17912500,56.65564308239644,-80.99467140319726,0.04273330624407423,1
1424,2020-02-26,154.0,27848600,57.101129273110494,-67.35905044510407,0.04378473634268687,1
1425,2020-02-27,148.38,42707100,14.68623282233716,-85.57483731019539,0.0,0
1426,2020-03-01,149.2,16295400,26.61628170175339,-76.68112798264666,0.0013422818791946067,1
1427,2020-03-02,153.89,28687700,66.63924429448461,-16.483516483516766,0.019746868994765077,1
1428,2020-03-03,154.16,12315500,68.13976065221803,-17.41935483870983,0.015613676790302344,1
1429,2020-03-04,157.49,17973500,82.61000818298389,-1.8895348837208652,0.033331146250246135,1
1430,2020-03-05,157.55,26973400,82.82088363360101,-30.630630630630364,0.01842275371687152,1
1431,2020-03-08,157.81,24868700,84.07602191021036,-32.29813664596269,0.011019283746556363,1
1432,2020-03-09,154.48,18811500,34.978758402018634,-98.19277108433728,0.007697325505544583,1
1433,2020-03-10,153.93,18159900,30.557795528208274,-94.44444444444456,-0.0002597908683509287,0
1434,2020-03-11,147.79,32893400,9.805300375294816,-90.25906735751298,-0.04032467532467543,0
1435,2020-03-12,143.28,35177200,5.608631869392737,-88.60589812332445,-0.034371209057824426,0
1436,2020-03-15,141.64,24496000,4.547092476089764,-64.22553467271563,-0.05067024128686326,0
1437,2020-03-16,143.56,24490300,28.358805423892935,-44.80712166172105,-0.06712586912729868,0
1438,2020-03-17,140.7,21953400,18.209211294869675,-54.563492063492156,-0.0873118837571355,0
1439,2020-03-18,138.04,20828900,12.145085684997897,-97.72455089820362,-0.12349990475585759,0
1440,2020-03-19,140.11,20056000,36.73758988709996,-55.0695825049698,-0.11069501745477628,0
1441,2020-03-22,146.3,28275200,71.95306907246213,-6.938325991189367,-0.07293580888410112,0
1442,2020-03-23,153.4,20743500,85.67380952135596,-13.680387409200906,-0.00699119627136191,0
1443,2020-03-24,151.3,16457200,70.39509522596033,-32.58594917787733,-0.017085688299876556,0
1444,2020-03-25,153.24,12778200,76.26143147520025,-52.04301075268784,0.03687664929968215,1
1445,2020-03-26,152.25,9824600,66.21755930303091,-67.36842105263143,0.062604690117253,1
1446,2020-03-29,152.92,12080900,70.20156982223814,-58.33333333333363,0.07963852019203621,1
1447,2020-03-30,148.05,13319500,30.7119774343573,-98.56630824372738,0.031276121482307184,1
1448,2020-03-31,149.45,11827400,44.237859516011035,-69.4072657743788,0.062189054726368154,1
1449,2020-04-01,151.9,9188300,63.130825755250996,-12.903225806451475,0.10040567951318469,1
1450,2020-04-02,152.65,8469100,68.09459330217877,-8.396946564885438,0.08950110627364216,1
1451,2020-04-05,156.88,14739300,85.08386373877104,-5.214723926380412,0.07231715652768278,1
1452,2020-04-06,156.04,9195400,73.43592235837248,-21.223021582733928,0.017209908735332347,1
1453,2020-04-07,154.65,7600800,54.81093595555445,-78.83435582822088,0.022141440846001226,1
1454,2020-04-08,158.69,18123000,78.5398532266315,-8.297872340425815,0.03556512659879929,1
1455,2020-04-12,161.41,20549200,85.97652952828913,-12.451861360718869,0.06016420361247943,1
1456,2020-04-13,162.68,17095100,88.71533373357416,-24.133148404992866,0.06382422181532843,1
1457,2020-04-14,161.85,12141900,74.4595384002227,-44.38687392055262,0.09321175278622085,1
1458,2020-04-15,161.71,9233200,71.55051813647154,-71.88328912466824,0.08203412512546016,1
1459,2020-04-16,158.57,14652700,30.915698288599145,-91.05367793240579,0.04391046741277149,1
1460,2020-04-19,159.7,10688700,47.125333779834584,-68.58846918489098,0.04618408123157547,1
1461,2020-04-20,158.61,12478100,35.18142215336273,-50.628930817609486,0.011027536970933394,1
1462,2020-04-21,161.73,12937100,68.95969640721819,-0.21276595744721893,0.0364650089720584,1
1463,2020-04-22,163.34,14928500,77.88155143105,-3.9634146341462015,0.05619139993533784,1
1464,2020-04-23,162.64,11203600,65.58705476145506,-30.1886792452832,0.024891297498266907,1
1465,2020-04-26,161.56,9033500,48.03728013487885,-63.94984326018788,0.0009293104516450157,1
1466,2020-04-27,160.84,10383000,37.89684723352253,-59.518072289156514,-0.011310548315711877,0
1467,2020-04-28,161.73,12232300,55.3666019474651,-9.507042253521476,-0.0007414272474514094,0
1468,2020-04-29,158.8,13628100,23.17440474758424,-81.98924731182753,-0.01799517655061522,0
1469,2020-04-30,159.78,10914300,40.5241505817283,-51.11111111111116,0.007630699375670069,1
1470,2020-05-03,160.34,7986200,50.169828856128284,-19.365079365079037,0.004007514088916864,1
1471,2020-05-04,161.02,10563100,61.53285928911747,-2.4242424242419545,0.015194502238194296,1
1472,2020-05-05,158.95,13352000,30.14471412464338,-71.66666666666686,-0.017189142397823542,0
1473,2020-05-06,161.39,13691700,63.27122679248867,-14.766839378238851,-0.011938288233133476,0
1474,2020-05-07,160.42,12244600,49.32349834316495,-40.512820512820774,-0.013649778652238043,0
1475,2020-05-10,159.42,11207400,36.78409593947326,-82.95819935691321,-0.013245852933894575,0
1476,2020-05-11,160.04,10406000,48.87230877303409,-63.02250803858519,-0.00497388709276303,0
1477,2020-05-12,161.58,10950400,70.14358918883323,-1.465201465201164,-0.0009274717121126042,0
1478,2020-05-13,163.01,17084400,81.097405355132,-9.116022099447848,0.026511335012594284,1
1479,2020-05-14,163.93,13918800,86.04001112122599,-20.42253521126762,0.02597321316810608,1
1480,2020-05-17,162.69,14137900,56.285348667715915,-64.13373860182372,0.014656355245104224,1
1481,2020-05-18,164.26,8535800,73.61478492443261,-22.594142259414944,0.02012172400943979,1
1482,2020-05-19,164.65,10666100,77.01058115941927,-12.156862745098074,0.035860333438188174,1
1483,2020-05-20,162.25,11791000,35.19668488572672,-75.48746518105864,0.005328706859161203,1
1484,2020-05-21,163.21,8540900,51.1205308477375,-48.74651810584953,0.01739184640319169,1
1485,2020-05-25,160.89,13972000,27.03708511754096,-93.07958477508693,0.009220925856228801,1
1486,2020-05-26,161.18,13063500,32.95903587680446,-53.62997658079594,0.0071232191952013135,1
1487,2020-05-27,161.72,9758500,45.34848142010178,-25.443786982248746,0.0008664438668151142,1
1488,2020-05-28,162.91,12584000,66.07350622670658,-11.666666666666837,-0.0006134592969756492,0
1489,2020-05-31,163.66,8140200,75.02664440457636,-2.8169014084511415,-0.0016470444702008091,0
1490,2020-06-01,162.6,10388900,48.110532177379675,-66.66666666666752,-0.0005531993361608256,0
1491,2020-06-02,159.6,17000500,19.06868593101223,-85.17110266159699,-0.028369657859491082,0
1492,2020-06-03,161.28,10094000,46.298711669715765,-53.23193916349812,-0.020467658669905853,0
1493,2020-06-04,158.01,16021200,23.355602676434707,-79.91718426501042,-0.026132511556240412,0
1494,2020-06-07,159.72,9244400,44.80882803949516,-44.51345755693582,-0.021383493658476915,0
1495,2020-06-08,161.26,9045600,59.951798326023265,-10.970464135021292,0.0022997078749456,1
1496,2020-06-09,163.57,13009300,75.23821994386518,-1.1627906976744635,0.014828142449435422,1
1497,2020-06-10,162.39,11673900,58.212655707985284,-47.17514124293841,0.004142963146178458,1
1498,2020-06-11,162.62,6892000,60.80577317706503,-40.67796610169495,-0.0017801239948437297,0
1499,2020-06-14,162.33,8532500,54.41889596132692,-44.35897435897403,-0.008126603934987098,0
1500,2020-06-15,162.25,7964000,52.15216817349842,-43.81720430107516,-0.0021525215252151675,0
1501,2020-06-16,162.56,4752800,61.47858531111521,-5.138339920948435,0.01854636591478709,1
1502,2020-06-17,162.24,5397600,47.22550512528085,-33.834586466164964,0.005952380952380931,1
1503,2020-06-18,164.03,12187400,82.08159109062959,-2.264150943396307,0.03809885450287953,1
1504,2020-06-21,165.09,12385600,88.70695449276346,-14.91841491841463,0.03362133734034556,1
1505,2020-06-22,166.48,12137300,93.4620043978364,-1.0695187165780846,0.032370085576088226,1
1506,2020-06-23,165.9,10901400,73.968310131032,-42.248062015503805,0.014244665892278574,1
1507,2020-06-24,165.8,7093800,70.18256343422533,-65.02732240437102,0.020998829977215472,1
1508,2020-06-25,166.54,9753500,80.98505454873849,-16.245487364621493,0.02410527610380009,1
1509,2020-06-28,166.63,6735700,82.16389666225308,-6.58914728682229,0.02648925029261373,1
1510,2020-06-29,167.37,12762300,89.8923362228141,-16.445623342175143,0.03155624036979976,1
1511,2020-06-30,166.62,13214800,54.193213592518,-51.69811320754723,0.024975393700787496,1
1512,2020-07-01,166.98,8753500,64.37861543172001,-38.113207547170454,0.02921597633136086,1
1513,2020-07-05,167.98,7265700,81.50962218755998,-0.7518796992485058,0.024080960799853557,1
1514,2020-07-06,169.04,11633100,89.52185561189488,0.0,0.02392634320673559,1
1515,2020-07-07,170.09,11662700,93.62583862989919,-20.9809264305179,0.021684286400768915,1
1516,2020-07-08,169.63,13327400,74.46083625599928,-35.34482758620723,0.02248342374924639,1
1517,2020-07-09,169.19,8218000,57.556634965765866,-72.92576419213978,0.020446320868516166,1
1518,2020-07-12,169.4,11095900,63.49041590379038,-59.90338164251135,0.017173051519154603,1
1519,2020-07-13,170.19,9812700,79.59101761576261,-12.432432432431916,0.02136470023405157,1
1520,2020-07-14,170.34,7533800,81.8683572356248,-5.555555555555751,0.01774511561211689,1
1521,2020-07-15,168.73,10242400,29.275072040830874,-95.505617977529,0.012663545792821918,1
1522,2020-07-16,170.12,10296000,61.39352249810868,-17.41573033707877,0.018804647263145347,1
1523,2020-07-19,170.94,10095500,72.46048920520006,-5.3719008264461205,0.017621145374449476,1
1524,2020-07-20,173.0,12864600,86.76126410797195,-6.868131868131894,0.02342640795078088,1
1525,2020-07-21,175.63,18712500,93.3622135996624,-2.545454545454814,0.03257099182785583,1
1526,2020-07-22,177.18,23006800,95.39293855135635,-20.16393442622936,0.04450863644402525,1
1527,2020-07-23,178.7,15601300,96.822758171773,-8.518518518518658,0.056208995803534334,1
1528,2020-07-26,182.23,42231204,98.47331240850255,-8.356545961003095,0.0757378984651711,1
1529,2020-07-27,183.75,21164600,98.85687311433023,-8.415841584158263,0.07967565661907283,1
1530,2020-07-28,185.13,25640100,99.14828386294126,-21.398305084745573,0.08682634730538918,1
1531,2020-07-29,183.76,18061200,71.86660937885438,-50.42372881355924,0.08907722396728501,1
1532,2020-07-30,185.43,15885000,81.28335714452078,-17.705735660847413,0.08999529743710322,1
1533,2020-08-02,185.64,25770600,82.39486443998403,-4.878048780487993,0.08599508599508598,1
1534,2020-08-03,189.59,20773200,93.41995616138963,-0.18416206261493356,0.09589595375722548,1
1535,2020-08-04,191.35,27078100,95.36143706228782,-19.932810750279952,0.08950634857370598,1
1536,2020-08-06,193.74,12001155,97.09359479114327,-7.85056848944229,0.0934642736200475,1
